Vorname,Nachname,Pass,HS,Kurs,Altgruppe,Gruppe-P1,Gruppe-P2,Gruppe-P3,Exper,mail,role
Britta,Appuh,d3KF5+2e90,N,OP2,0,1,30,,e,Britta.Appuhn@stud.fh-nordhausen.de,student
Isabel,Bisping,ds3F5+vb90,N,OP2,0,5,25,,e,Isabel.Bisping@stud.fh-nordhausen.de,student
Olga,Boettcher,d3KF5+nm90,N,OP2,0,9,21,,e,Olga.Boettcher@stud.fh-nordhausen.de,student
Andreas,Dettling,dsKF5+jk90,N,OP2,0,4,26,,,Andreas.Dettling@stud.fh-nordhausen.de,student
Chris,Echtermeyer,ddKF5+lo90,N,OP2,0,8,22,,,Chris.Echtermeyer@stud.fh-nordhausen.de,student
Sina,Germerott,VDKF5+m890,N,OP2,0,3,23,,e,Sina.Germerott@stud.fh-nordhausen.de,student
Steve,Glaser,LOKF5+h790,N,OP2,0,11,19,,e,Steven.Glaser@stud.fh-nordhausen.de,student
Phillipp,Gruening,LK4F5+z690,N,OP2,0,8,22,,,Phillipp.Gruening@stud.fh-nordhausen.de,student
Joerg,Heine,dsKF5+f590,N,OP2,0,3,27,,e,Joerg.Heine@stud.fh-nordhausen.de,student
Mathias,Heller,EWKF5+fw90,N,OP2,0,10,20,,,Mathias.Heller@stud.fh-nordhausen.de,student
Daniel2,Hoffmann,ds4F5+a290,N,OP2,0,7,23,,e,Daniel2.Hoffmann@stud.fh-nordhausen.de,student
Dominik,Holzmann,GHKF5+5t90,N,OP2,0,1,29,,e,Dominik.Holzmann@stud.fh-nordhausen.de,student
Christopher,Keppler,dsKF5+d590,N,OP2,0,2,28,,,Christopher.Keppler@stud.fh-nordhausen.de,student
Jasmi,Kienle,de4F5+v790,N,OP2,0,11,19,,e,Jasmin.Kienle@stud.fh-nordhausen.de,student
Felix,Lange,dsKF5+f.90,N,OP2,0,12,18,,,Felix.Lange@stud.fh-nordhausen.de,student
Stefa,Lohberger,dsKF5+f-90,N,OP2,0,5,25,,e,Stefan.Lohberger@stud.fh-nordhausen.de,student
Christia,Michel,ZHK45+g990,N,OP2,0,12,18,,,Christian.Michel@stud.fh-nordhausen.de,student
Robert,Palme,dsKF5+4590,N,OP2,0,13,17,,e,Robert.Palme@stud.fh-nordhausen.de,student
Martin,Pleintinger,GTKF5+vb90,N,OP2,0,10,20,,,Martin.Pleintinger@stud.fh-nordhausen.de,student
Andrea,Rahsmann,dsKg5+2390,N,OP2,0,2,28,,,Andrea.Rahsmann@stud.fh-nordhausen.de,student
Michael,Schenk,dsKg5+4K90,N,OP2,0,9,21,,e,Michael.Schenk@stud.fh-nordhausen.de,student
Tino,Seiffart,DKF5+3U90,N,OP2,0,4,26,,,Tino.Seiffart@stud.fh-nordhausen.de,student
Christine,Sonnert,dsKF5+wq90,N,OP2,0,7,23,,e,Christine.Sonnert@stud.fh-nordhausen.de,student
Sebastian,Viehl,dsKg5+qe03,N,OP2,0,6,24,,,Sebastian.Viehl@stud.fh-nordhausen.de,student
Johannes-Tilman,Weise,dsKF5+1q90,N,OP2,0,12,18,,,Johannes-Tilman.Weise@stud.fh-nordhausen.de,student
Dominic,Wetzel,dsKF5+dg90,N,OP2,0,13,17,,e,Dominic.Wetzel@stud.fh-nordhausen.de,student
Marcus,Winter,dsKF5+ap90,N,OP2,0,6,24,,,Marcus.Winter@stud.fh-nordhausen.de,student
Bakytzhan,Bolpanov,dsKF5+oi90,Z,IM13,1,14,16,,,s9babolp@stud.ihi-zittau.de,student
Paulina,Warzecha,w2sKF5+3f9,Z,IM13,1,14,16,,,s9pawarz@stud.ihi-zittau.de,student
Phillipp,Thomas,dsKF5+2b90,Z,IM13,1,14,16,,,s9phthom@stud.ihi-zittau.de,student
Ashim,Rakhmedyanov,erKF5+3g90,Z,IM13,2,15,30,,,s9asrakh@stud.ihi-zittau.de,student
Luisa,Gärner,dsKF5+hj90,Z,IM13,2,15,30,,,s9lugaer@stud.ihi-zittau.de,student
Stefanie,Kühne,ddKF5+2g90,Z,IM13,2,16,14,,,s9stkueh@stud.ihi-zittau.de,student
Radoslaw,Berger,d-gF5+df90,Z,IM13,2,16,14,,,s9raberg@stud.ihi-zittau.de,student
Julia,Fenske,dsKg5+sd90,Z,IM13,3,17,13,,e,s9jufens@stud.ihi-zittau.de,student
Franziska,Lein,d-KF5+aa90,Z,IM13,3,17,13,,e,s9frlein@stud.ihi-zittau.de,student
Dmitriy,Kolotov,dsKF5+fg90,Z,IM13,3,18,12,,,s9dmkolo@stud.ihi-zittau.de,student
Sophia,Pfitzmann,d-Kg5+uj90,Z,IM13,3,18,12,,,s9sopfit@stud.ihi-zittau.de,student
Adéla,Schnaubertová,dsKF5+tz90,Z,IM13,4,19,11,,e ,s9adschn@stud.ihi-zittau.de,student
Michaela,Tuhárská,d-KF5+bn90,Z,IM13,4,19,11,,e ,s9mituha@stud.ihi-zittau.de,student
Fedor,Ivanov,d-KF5-.o90,Z,IM13,4,20,10,,,s9feivan@stud.ihi-zittau.de,student
Katarzyna,Pasik,d-KF5+kl90,Z,IM13,4,20,10,,,s9kapasi@stud.ihi-zittau.de,student
Tetiana,Slobodska,d-KF5+hj90,Z,IM13,5,21,9,,e,s9teslob@stud.ihi-zittau.de,student
Klara,Pavlickova,ssKF5-r590,Z,IM13,5,21,9,,e,s9klpavl@stud.ihi-zittau.de,student
Konstantin,Maßfelder,ysKF5-3w90,Z,IM13,5,21,9,,e,s9komass@stud.ihi-zittau.de,student
Nikola,Strádalová,loKF5+bn90,Z,IM13,6,22,8,,,s9nistra@stud.ihi-zittau.de,student
Veronika,Mrkvičková,d-KF5+4590,Z,IM13,6,22,8,,,s9vemrkv@stud.ihi-zittau.de,student
Dominika,Bakešová,dsKF5+rt90,Z,IM13,6,22,8,,,s9dobake@stud.ihi-zittau.de,student
Pavel,Prokes,d-KF5+tr90,Z,IM13,7,23,7,,e,s9paprok@stud.ihi-zittau.de,student
Martin,Kupferschmidt,dsKF5+gh90,Z,IM13,7,23,7,,e,s9makupf@stud.ihi-zittau.de,student
Sebastian,Salz,d-KF5+df90,Z,IM13,7,23,7,,e,s9sesalz@stud.ihi-zittau.de,student
Sergej,Rech,dsKF5-sd90,Z,IM13,8,24,6,,,s9serech@stud.ihi-zittau.de,student
Roland,Klimant,wsK-5+yx90,Z,IM13,8,24,6,,,s9roklim@stud.ihi-zittau.de,student
Kseniia,Revunova,dsKF5fdf90,Z,IM13,8,24,6,,,s9ksrevu@stud.ihi-zittau.de,student
Carolin,Matthiä,dsKF5+Hk90,Z,IM13,9,25,5,,e,s9camatt@stud.ihi-zittau.de,student
Mariann,Siegert,wsKFlkkdvb,Z,IM13,9,25,5,,e,s9masieg@stud.ihi-zittau.de,student
Hannes,Friebel,d-KF5+Hk90,Z,IM13,9,25,5,,e,s9hafrie@stud.ihi-zittau.de,student
Valentina,Yakupova,wsKFsdse90,Z,IM13,10,26,4,,,s9vayaku@stud.ihi-zittau.de,student
Erik,Schwaar,d-KF5+sds9,Z,IM13,10,26,4,,,s9erschw@stud.ihi-zittau.de,student
Paul,Buhl,wsKF5+fdjh,Z,IM13,10,26,4,,,s9pabuhl@hs-zigr.de,student
Aleksandra,Warwas,dsKF5+H222,Z,IPM12,11,27,3,,e,,student
Michael,Zimmermann,wsKF5+H450,Z,IPM12,11,27,3,,e,s9mizimm@stud.ihi-zittau.de,student
Jenny,Mittrach,d-KF5+Hk99,Z,IPM12,11,28,2,,,s9jemitt@stud.ihi-zittau.de,student
Martin,Wagner,wsKF5+lO80,Z,IPM12,11,28,2,,,s9mawagn@stud.ihi-zittau.de,student
Daniela,Bendler,dsKF5+LO70,Z,IPM12,12,29,1,,e,s9dabend@stud.ihi-zittau.de,student
Philipp,Eismann,wsKF5+ki60,Z,IPM12,12,29,1,,e,s9pheism@stud.ihi-zittau.de,student
Tina,Hartmann,dsKF5+ju50,Z,IPM12,12,29,1,,e,s9tihart@stud.ihi-zittau.de,student
Franziska,Schmidt,w-KF5+hz40,Z,IPM12,13,30,15,,,s9frschm@stud.ihi-zittau.de,student
Basil,Kaulbersch,dsKF5+gt30,Z,IPM12,13,30,15,,,s9bakaul@stud.ihi-zittau.de,student
Daniel,Sann,wsKF5+zt90,Z,IPM12,13,30,15,,,s9dasann@stud.ihi-zittau.de,student
Thorsten,Claus,init6790,Z,Prof,100,31,32,,,claus@ihi-zittau.de,admin
Christoph,Brodhun,init6289,Z,Prof,100,31,32,,,brodhun@fh-nordhausen.de,admin
Niels,Seidel,secret,Z,Prof,100,31,32,,,nseidel@ihi-zittau.de,admin
Tester,Test,test,Z,Prof,100,33,34,,,nseidel@ihi-zittau.de,student
